type,name,module,path,hash
"csv","agent-manifest","_config","_config/agent-manifest.csv","8c0edfa123b93687359baa48ca2392cff5f43056c2b710e75372f2573935247c"
"csv","task-manifest","_config","_config/task-manifest.csv","98a5690505c0373efaaf6bf7bd306f2e9a1cd3b937deb1268cda54377ec622a2"
"csv","workflow-manifest","_config","_config/workflow-manifest.csv","d4835182eccd28aee905cf5432fc2cc440d317e79db421ced84ad33758005c60"
"yaml","manifest","_config","_config/manifest.yaml","7511df8226c18385e9f095c8cb1379cb99d5402b7400d529c77045acd3e306dc"
"csv","default-party","bmm","bmm/teams/default-party.csv","43209253a2e784e6b054a4ac427c9532a50d9310f6a85052d93ce975b9162156"
"csv","documentation-requirements","bmm","bmm/workflows/document-project/documentation-requirements.csv","d1253b99e88250f2130516b56027ed706e643bfec3d99316727a4c6ec65c6c1d"
"csv","domain-complexity","bmm","bmm/workflows/2-plan-workflows/prd/domain-complexity.csv","ed4d30e9fd87db2d628fb66cac7a302823ef6ebb3a8da53b9265326f10a54e11"
"csv","domain-complexity","bmm","bmm/workflows/3-solutioning/create-architecture/data/domain-complexity.csv","cb9244ed2084143146f9f473244ad9cf63d33891742b9f6fbcb6e354fa4f3a93"
"csv","project-types","bmm","bmm/workflows/2-plan-workflows/prd/project-types.csv","7a01d336e940fb7a59ff450064fd1194cdedda316370d939264a0a0adcc0aca3"
"csv","project-types","bmm","bmm/workflows/3-solutioning/create-architecture/data/project-types.csv","12343635a2f11343edb1d46906981d6f5e12b9cad2f612e13b09460b5e5106e7"
"csv","tea-index","bmm","bmm/testarch/tea-index.csv","374a8d53b5e127a9440751a02c5112c66f81bc00e2128d11d11f16d8f45292ea"
"excalidraw","workflow-method-greenfield","bmm","bmm/docs/images/workflow-method-greenfield.excalidraw","78c281ab7aae65ba453806e49e16e01852ef9c6097347171e9f11188afe45d88"
"json","excalidraw-library","bmm","bmm/workflows/excalidraw-diagrams/_shared/excalidraw-library.json","8e5079f4e79ff17f4781358423f2126a1f14ab48bbdee18fd28943865722030c"
"json","project-scan-report-schema","bmm","bmm/workflows/document-project/templates/project-scan-report-schema.json","53255f15a10cab801a1d75b4318cdb0095eed08c51b3323b7e6c236ae6b399b7"
"md","agents-guide","bmm","bmm/docs/agents-guide.md","4fc69109c429c48c6ee658226eb4e852b8ff68fc85212cbfe56545ac8184af74"
"md","api-request","bmm","bmm/testarch/knowledge/api-request.md","93ac674f645cb389aafe08ce31e53280ebc0385c59e585a199b772bb0e0651fb"
"md","architecture-decision-template","bmm","bmm/workflows/3-solutioning/create-architecture/architecture-decision-template.md","5d9adf90c28df61031079280fd2e49998ec3b44fb3757c6a202cda353e172e9f"
"md","atdd-checklist-template","bmm","bmm/workflows/testarch/atdd/atdd-checklist-template.md","b89f46efefbf08ddd4c58392023a39bd60db353a3f087b299e32be27155fa740"
"md","auth-session","bmm","bmm/testarch/knowledge/auth-session.md","b2ee00c5650655311ff54d20dcd6013afb5b280a66faa8336f9fb810436f1aab"
"md","bmad-quick-flow","bmm","bmm/docs/bmad-quick-flow.md","ba820c44cb7bb32b8005b3dc4d771fe21cfe4d91185a5ff2a39c02d8cbf73aeb"
"md","brownfield-guide","bmm","bmm/docs/brownfield-guide.md","26e2cea91f6f890edcddaf615d2decf8650cdd8bce8a7607000f99b4826c507b"
"md","burn-in","bmm","bmm/testarch/knowledge/burn-in.md","5ba3d2abe6b961e5bc3948ab165e801195bff3ee6e66569c00c219b484aa4b5d"
"md","checklist","bmm","bmm/workflows/4-implementation/code-review/checklist.md","e30d2890ba5c50777bbe04071f754e975a1d7ec168501f321a79169c4201dd28"
"md","checklist","bmm","bmm/workflows/4-implementation/correct-course/checklist.md","d3d30482c5e82a84c15c10dacb50d960456e98cfc5a8ddc11b54e14f3a850029"
"md","checklist","bmm","bmm/workflows/4-implementation/create-story/checklist.md","3eacc5cfd6726ab0ea0ba8fe56d9bdea466964e6cc35ed8bfadeb84307169bdc"
"md","checklist","bmm","bmm/workflows/4-implementation/dev-story/checklist.md","630b68c6824a8785003a65553c1f335222b17be93b1bd80524c23b38bde1d8af"
"md","checklist","bmm","bmm/workflows/4-implementation/sprint-planning/checklist.md","80b10aedcf88ab1641b8e5f99c9a400c8fd9014f13ca65befc5c83992e367dd7"
"md","checklist","bmm","bmm/workflows/document-project/checklist.md","2f1edb9e5e0b003f518b333ae842f344ff94d4dda7df07ba7f30c5b066013a68"
"md","checklist","bmm","bmm/workflows/excalidraw-diagrams/create-dataflow/checklist.md","f420aaf346833dfda5454ffec9f90a680e903453bcc4d3e277d089e6781fec55"
"md","checklist","bmm","bmm/workflows/excalidraw-diagrams/create-diagram/checklist.md","6357350a6e2237c1b819edd8fc847e376192bf802000cb1a4337c9584fc91a18"
"md","checklist","bmm","bmm/workflows/excalidraw-diagrams/create-flowchart/checklist.md","45aaf882b8e9a1042683406ae2cfc0b23d3d39bd1dac3ddb0778d5b7165f7047"
"md","checklist","bmm","bmm/workflows/excalidraw-diagrams/create-wireframe/checklist.md","588f9354bf366c173aa261cf5a8b3a87c878ea72fd2c0f8088c4b3289e984641"
"md","checklist","bmm","bmm/workflows/testarch/atdd/checklist.md","d86b1718207a7225e57bc9ac281dc78f22806ac1bfdb9d770ac5dccf7ed8536b"
"md","checklist","bmm","bmm/workflows/testarch/automate/checklist.md","3a8f47b83ad8eff408f7126f7729d4b930738bf7d03b0caea91d1ef49aeb19ee"
"md","checklist","bmm","bmm/workflows/testarch/ci/checklist.md","dfb1ffff2028566d8f0e46a15024d407df5a5e1fad253567f56ee2903618d419"
"md","checklist","bmm","bmm/workflows/testarch/framework/checklist.md","16cc3aee710abb60fb85d2e92f0010b280e66b38fac963c0955fb36e7417103a"
"md","checklist","bmm","bmm/workflows/testarch/nfr-assess/checklist.md","1f070e990c0778b2066f05c31f94c9ddcb97a695e7ae8322b4f487f75fe62d57"
"md","checklist","bmm","bmm/workflows/testarch/test-design/checklist.md","f7ac96d3c61500946c924e1c1924f366c3feae23143c8d130f044926365096e1"
"md","checklist","bmm","bmm/workflows/testarch/test-review/checklist.md","e39f2fb9c2dbfd158e5b5c1602fd15d5dbd3b0f0616d171e0551c356c92416f9"
"md","checklist","bmm","bmm/workflows/testarch/trace/checklist.md","c67b2a1ee863c55b95520db0bc9c1c0a849afee55f96733a08bb2ec55f40ad70"
"md","ci-burn-in","bmm","bmm/testarch/knowledge/ci-burn-in.md","4cdcf7b576dae8b5cb591a6fad69674f65044a0dc72ea57d561623dac93ec475"
"md","component-tdd","bmm","bmm/testarch/knowledge/component-tdd.md","88bd1f9ca1d5bcd1552828845fe80b86ff3acdf071bac574eda744caf7120ef8"
"md","contract-testing","bmm","bmm/testarch/knowledge/contract-testing.md","d8f662c286b2ea4772213541c43aebef006ab6b46e8737ebdc4a414621895599"
"md","data-factories","bmm","bmm/testarch/knowledge/data-factories.md","d7428fe7675da02b6f5c4c03213fc5e542063f61ab033efb47c1c5669b835d88"
"md","deep-dive-instructions","bmm","bmm/workflows/document-project/workflows/deep-dive-instructions.md","8cb3d32d7685e5deff4731c2003d30b4321ef6c29247b3ddbe672c185e022604"
"md","deep-dive-template","bmm","bmm/workflows/document-project/templates/deep-dive-template.md","6198aa731d87d6a318b5b8d180fc29b9aa53ff0966e02391c17333818e94ffe9"
"md","documentation-standards","bmm","bmm/data/documentation-standards.md","fc26d4daff6b5a73eb7964eacba6a4f5cf8f9810a8c41b6949c4023a4176d853"
"md","email-auth","bmm","bmm/testarch/knowledge/email-auth.md","43f4cc3138a905a91f4a69f358be6664a790b192811b4dfc238188e826f6b41b"
"md","enterprise-agentic-development","bmm","bmm/docs/enterprise-agentic-development.md","4f524577d6a2e76023916cf53d514dbe07cf1f092203016d43161b9622cb3741"
"md","epics-template","bmm","bmm/workflows/3-solutioning/create-epics-and-stories/templates/epics-template.md","b8ec5562b2a77efd80c40eba0421bbaab931681552e5a0ff01cd93902c447ff7"
"md","error-handling","bmm","bmm/testarch/knowledge/error-handling.md","8a314eafb31e78020e2709d88aaf4445160cbefb3aba788b62d1701557eb81c1"
"md","faq","bmm","bmm/docs/faq.md","69e4a2ee8701e6c7b1618d2ad2f901095d52b2e705eddc1f4e750d2158e51cf7"
"md","feature-flags","bmm","bmm/testarch/knowledge/feature-flags.md","f6db7e8de2b63ce40a1ceb120a4055fbc2c29454ad8fca5db4e8c065d98f6f49"
"md","file-utils","bmm","bmm/testarch/knowledge/file-utils.md","e0d4e98ca6ec32035ae07a14880c65ab99298e9240404d27a05788c974659e8b"
"md","fixture-architecture","bmm","bmm/testarch/knowledge/fixture-architecture.md","a3b6c1bcaf5e925068f3806a3d2179ac11dde7149e404bc4bb5602afb7392501"
"md","fixtures-composition","bmm","bmm/testarch/knowledge/fixtures-composition.md","8e57a897663a272fd603026aeec76941543c1e09d129e377846726fd405f3a5a"
"md","full-scan-instructions","bmm","bmm/workflows/document-project/workflows/full-scan-instructions.md","6c6e0d77b33f41757eed8ebf436d4def69cd6ce412395b047bf5909f66d876aa"
"md","glossary","bmm","bmm/docs/glossary.md","b58d0ca4dfea78372fcd4e904f8a3dc0f222900dfb1b4e51aa36c997264cf6f0"
"md","index","bmm","bmm/docs/index.md","261b940a39646fb290aaac293efa30b2b2ef80bab5292ff29bcb4f2194c77eea"
"md","index-template","bmm","bmm/workflows/document-project/templates/index-template.md","42c8a14f53088e4fda82f26a3fe41dc8a89d4bcb7a9659dd696136378b64ee90"
"md","instructions","bmm","bmm/workflows/4-implementation/correct-course/instructions.md","bd56efff69b1c72fbd835cbac68afaac043cf5004d021425f52935441a3c779d"
"md","instructions","bmm","bmm/workflows/4-implementation/retrospective/instructions.md","8f92b6b5b2c475cdb6f84e08dcdff5607248e76d627712e01ddcd55c0c0cb329"
"md","instructions","bmm","bmm/workflows/4-implementation/sprint-planning/instructions.md","8ac972eb08068305223e37dceac9c3a22127062edae2692f95bc16b8dbafa046"
"md","instructions","bmm","bmm/workflows/4-implementation/sprint-status/instructions.md","8f883c7cf59460012b855465c7cbc896f0820afb11031c2b1b3dd514ed9f4b63"
"md","instructions","bmm","bmm/workflows/bmad-quick-flow/create-tech-spec/instructions.md","ff42165eea4e8d15a2b1d4b2722f585819b602c813b6bb1d1692a126c4e49cfc"
"md","instructions","bmm","bmm/workflows/document-project/instructions.md","faba39025e187c6729135eccf339ec1e08fbdc34ad181583de8161d3d805aaaf"
"md","instructions","bmm","bmm/workflows/excalidraw-diagrams/create-dataflow/instructions.md","e43d05aaf6a1e881ae42e73641826b70e27ea91390834901f18665b524bbff77"
"md","instructions","bmm","bmm/workflows/excalidraw-diagrams/create-diagram/instructions.md","5d41c1e5b28796f6844645f3c1e2e75bb80f2e1576eb2c1f3ba2894cbf4a65e8"
"md","instructions","bmm","bmm/workflows/excalidraw-diagrams/create-flowchart/instructions.md","9647360dc08e6e8dcbb634620e8a4247add5b22fad7a3bd13ef79683f31b9d77"
"md","instructions","bmm","bmm/workflows/excalidraw-diagrams/create-wireframe/instructions.md","d0ddbb8f4235b28af140cc7b5210c989b4b126f973eb539e216ab10d4bbc2410"
"md","instructions","bmm","bmm/workflows/testarch/atdd/instructions.md","8b22d80ff61fd90b4f8402d5b5ab69d01a2c9f00cc4e1aa23aef49720db9254b"
"md","instructions","bmm","bmm/workflows/testarch/automate/instructions.md","6611e6abc114f68c16f3121dc2c2a2dcfefc355f857099b814b715f6d646a81c"
"md","instructions","bmm","bmm/workflows/testarch/ci/instructions.md","8cc49d93e549eb30952320b1902624036d23e92a6bbaf3f012d2a18dc67a9141"
"md","instructions","bmm","bmm/workflows/testarch/framework/instructions.md","902212128052de150753ce0cabb9be0423da782ba280c3b5c198bc16e8ae7eb3"
"md","instructions","bmm","bmm/workflows/testarch/nfr-assess/instructions.md","6a4ef0830a65e96f41e7f6f34ed5694383e0935a46440c77a4a29cbfbd5f75f9"
"md","instructions","bmm","bmm/workflows/testarch/test-design/instructions.md","b332c20fbc8828b2ebd34aad2f36af88ce1ce1d8a8c7c29412329c9f8884de9a"
"md","instructions","bmm","bmm/workflows/testarch/test-review/instructions.md","f1dfb61f7a7d9e584d398987fdcb8ab27b4835d26b6a001ca4611b8a3da4c32d"
"md","instructions","bmm","bmm/workflows/testarch/trace/instructions.md","233cfb6922fe0f7aaa3512fcda08017b0f89de663f66903474b0abf2e1d01614"
"md","instructions","bmm","bmm/workflows/workflow-status/init/instructions.md","1756a94b8dbb365b920e3911cffef4ca844484e5f817996a1994e36e62bd8ce8"
"md","instructions","bmm","bmm/workflows/workflow-status/instructions.md","97a6a61b1b392b5fb945c2d21d9fd2ac1e1c725658b0137467c3f8b3fb6804c4"
"md","intercept-network-call","bmm","bmm/testarch/knowledge/intercept-network-call.md","fb551cb0cefe3c062c28ae255a121aaae098638ec35a16fcdba98f670887ab6a"
"md","log","bmm","bmm/testarch/knowledge/log.md","b6267716ccbe6f9e2cc1b2b184501faeb30277bc8546206a66f31500c52381d0"
"md","network-error-monitor","bmm","bmm/testarch/knowledge/network-error-monitor.md","0380eb6df15af0a136334ad00cf44c92c779f311b07231f5aa6230e198786799"
"md","network-first","bmm","bmm/testarch/knowledge/network-first.md","2920e58e145626f5505bcb75e263dbd0e6ac79a8c4c2ec138f5329e06a6ac014"
"md","network-recorder","bmm","bmm/testarch/knowledge/network-recorder.md","9f120515cc377c4c500ec0b5fff0968666a9a4edee03a328d92514147d50f073"
"md","nfr-criteria","bmm","bmm/testarch/knowledge/nfr-criteria.md","e63cee4a0193e4858c8f70ff33a497a1b97d13a69da66f60ed5c9a9853025aa1"
"md","nfr-report-template","bmm","bmm/workflows/testarch/nfr-assess/nfr-report-template.md","229bdabe07577d24679eb9d42283b353dbde21338157188d8f555fdef200b91c"
"md","overview","bmm","bmm/testarch/knowledge/overview.md","79a12311d706fe55c48f72ef51c662c6f61a54651b3b76a3c7ccc87de6ebbf03"
"md","party-mode","bmm","bmm/docs/party-mode.md","9f42ef2dbf155931891dd321eaa8786624cdc5253917bd83b7fa68a6e63daad5"
"md","playwright-config","bmm","bmm/testarch/knowledge/playwright-config.md","42516511104a7131775f4446196cf9e5dd3295ba3272d5a5030660b1dffaa69f"
"md","prd-template","bmm","bmm/workflows/2-plan-workflows/prd/prd-template.md","829135530b0652dfb4a2929864042f515bc372b6cbe66be60103311365679efb"
"md","probability-impact","bmm","bmm/testarch/knowledge/probability-impact.md","446dba0caa1eb162734514f35366f8c38ed3666528b0b5e16c7f03fd3c537d0f"
"md","product-brief.template","bmm","bmm/workflows/1-analysis/create-product-brief/product-brief.template.md","ae0f58b14455efd75a0d97ba68596a3f0b58f350cd1a0ee5b1af69540f949781"
"md","project-context-template","bmm","bmm/data/project-context-template.md","34421aed3e0ad921dc0c0080297f3a2299735b00a25351de589ada99dae56559"
"md","project-context-template","bmm","bmm/workflows/generate-project-context/project-context-template.md","54e351394ceceb0ac4b5b8135bb6295cf2c37f739c7fd11bb895ca16d79824a5"
"md","project-overview-template","bmm","bmm/workflows/document-project/templates/project-overview-template.md","a7c7325b75a5a678dca391b9b69b1e3409cfbe6da95e70443ed3ace164e287b2"
"md","quick-flow-solo-dev","bmm","bmm/docs/quick-flow-solo-dev.md","3cbb54cbb090bf1cdad01f747289ebdf4bbdfdd3ffa5633d8d1c91393d124ba4"
"md","quick-spec-flow","bmm","bmm/docs/quick-spec-flow.md","105d027fd633e782e6f6fa96fb9d8917f7a96e26698650a5d12c67126bbf7be7"
"md","quick-start","bmm","bmm/docs/quick-start.md","ce51d20d685b745a4addfebcf507b1272f15bff829cacd0060ae6b0c25ba8da5"
"md","readiness-report-template","bmm","bmm/workflows/3-solutioning/check-implementation-readiness/templates/readiness-report-template.md","0da97ab1e38818e642f36dc0ef24d2dae69fc6e0be59924dc2dbf44329738ff6"
"md","README","bmm","bmm/data/README.md","352c44cff4dd0e5a90cdf6781168ceb57f5a78eaabddcd168433d8784854e4fb"
"md","README","bmm","bmm/docs/images/README.md","53f8c4c5bc7c499332df10683dc7a2fdd9b086304f422def938fed70ffb2ef23"
"md","README","bmm","bmm/README.md","b8ecaf85ec51d8baec3a933f5c163772b6b71ca6a612fdad0e9f09d21f601a70"
"md","recurse","bmm","bmm/testarch/knowledge/recurse.md","19056fb5b7e5e626aad81277b3e5eec333f2aed36a17aea6c7d8714a5460c8b2"
"md","research.template","bmm","bmm/workflows/1-analysis/research/research.template.md","507bb6729476246b1ca2fca4693986d286a33af5529b6cd5cb1b0bb5ea9926ce"
"md","risk-governance","bmm","bmm/testarch/knowledge/risk-governance.md","2fa2bc3979c4f6d4e1dec09facb2d446f2a4fbc80107b11fc41cbef2b8d65d68"
"md","scale-adaptive-system","bmm","bmm/docs/scale-adaptive-system.md","cf3f885c9822ec7a5740cc7bc7597c58a3d2c22d8b20342a8bc8d7397ef4c1f1"
"md","selective-testing","bmm","bmm/testarch/knowledge/selective-testing.md","c14c8e1bcc309dbb86a60f65bc921abf5a855c18a753e0c0654a108eb3eb1f1c"
"md","selector-resilience","bmm","bmm/testarch/knowledge/selector-resilience.md","a55c25a340f1cd10811802665754a3f4eab0c82868fea61fea9cc61aa47ac179"
"md","source-tree-template","bmm","bmm/workflows/document-project/templates/source-tree-template.md","109bc335ebb22f932b37c24cdc777a351264191825444a4d147c9b82a1e2ad7a"
"md","step-01-discover","bmm","bmm/workflows/generate-project-context/steps/step-01-discover.md","a0506a143dca0e4b54ea2c2d02e88087c86fa81dae7ce0e7f20ca9ac8364342e"
"md","step-01-document-discovery","bmm","bmm/workflows/3-solutioning/check-implementation-readiness/steps/step-01-document-discovery.md","df2a25dd77eda2bd1ed2e57b607bb836ce9748125850d36b7f6ed0fd0e16ae61"
"md","step-01-init","bmm","bmm/workflows/1-analysis/create-product-brief/steps/step-01-init.md","7cff5079bce6b02dcd55fd4715ba19a94aca529060dcd4d349dffd4b7a5f3797"
"md","step-01-init","bmm","bmm/workflows/1-analysis/research/domain-steps/step-01-init.md","c880668be8190af4db0df42cf1609097c747478b048b6ba2554fc7044444a3b3"
"md","step-01-init","bmm","bmm/workflows/1-analysis/research/market-steps/step-01-init.md","e47f961651ad449964cbbd16f39f0a34b2e7ffa0da7e9d06a8a361329e2d7ba1"
"md","step-01-init","bmm","bmm/workflows/1-analysis/research/technical-steps/step-01-init.md","4d6ed6afc591c556dda2284265960cf74ea7e8c4d65108edb3278043fc915ef1"
"md","step-01-init","bmm","bmm/workflows/2-plan-workflows/create-ux-design/steps/step-01-init.md","31b7c9b7f4a6e33c19cb50fb13b1d7da853aed05bc5664a7bba4b82c8f109a5e"
"md","step-01-init","bmm","bmm/workflows/2-plan-workflows/prd/steps/step-01-init.md","76f3f55807ab2488bc4bd17d85faf974d0f6a1191ca01ad24830ba9751fd48bb"
"md","step-01-init","bmm","bmm/workflows/3-solutioning/create-architecture/steps/step-01-init.md","565f0fe53e45da6497ad9da57be8de51457832f01c580d9a92ab35afae9107fc"
"md","step-01-mode-detection","bmm","bmm/workflows/bmad-quick-flow/quick-dev/steps/step-01-mode-detection.md","7d8e0016ac16645d4783c57c4c211c9ff0d2d00c58e19cf90775c580f4a653d3"
"md","step-01-validate-prerequisites","bmm","bmm/workflows/3-solutioning/create-epics-and-stories/steps/step-01-validate-prerequisites.md","d10ded3f9a07d827a4bca53f0f6e4a65a410a390f13cb5d8a07eda6f8a148256"
"md","step-01b-continue","bmm","bmm/workflows/1-analysis/create-product-brief/steps/step-01b-continue.md","42a4d41f3a521b8ffc73deb9cf24e1b8e6f09aa95c1ee78c966e2dec4d40424a"
"md","step-01b-continue","bmm","bmm/workflows/2-plan-workflows/create-ux-design/steps/step-01b-continue.md","e897baf661717873e781abfea7b0f30dc0fc5668e8dfb87511f8d848e4429e78"
"md","step-01b-continue","bmm","bmm/workflows/2-plan-workflows/prd/steps/step-01b-continue.md","4e6bef3f6c05f3bd69f1e95638c06e524daff723c3aa03f31f6f709c57a3ec83"
"md","step-01b-continue","bmm","bmm/workflows/3-solutioning/create-architecture/steps/step-01b-continue.md","4188f4abe9674b83108571317f8be8e35fc95d51d156397827dded6ef7429213"
"md","step-02-context","bmm","bmm/workflows/3-solutioning/create-architecture/steps/step-02-context.md","8a5973ed86142757141855f0a48d91ec49de95d7a1cd15cb9314f3bc3368c995"
"md","step-02-context-gathering","bmm","bmm/workflows/bmad-quick-flow/quick-dev/steps/step-02-context-gathering.md","8de307668f74892657c2b09f828a3b626b62a479fb72c0280c68ed0e25803896"
"md","step-02-customer-behavior","bmm","bmm/workflows/1-analysis/research/market-steps/step-02-customer-behavior.md","fb25681e5e731736df99f7a3cc3ecf3181d8faea0a872fb5b5d3bdc3d98c3266"
"md","step-02-customer-insights","bmm","bmm/workflows/1-analysis/research/market-steps/step-02-customer-insights.md","3c516f4958f55f9732838238a45948987a7a88cab14c9c469f5d03a1f5b4a375"
"md","step-02-design-epics","bmm","bmm/workflows/3-solutioning/create-epics-and-stories/steps/step-02-design-epics.md","3230a10767c6209556038caadb0b313f20dcc050cd365cb1e0a249391aaa9c52"
"md","step-02-discovery","bmm","bmm/workflows/2-plan-workflows/create-ux-design/steps/step-02-discovery.md","d0f07cfa7ddaad0e5cdfa8ab84e072e98adfbc23249d4cfe1cf1850e8e61bacc"
"md","step-02-discovery","bmm","bmm/workflows/2-plan-workflows/prd/steps/step-02-discovery.md","59559a0fa2ffea0dcea72b0da5be159f03bc50053c561e30586fef1e5d13486d"
"md","step-02-domain-analysis","bmm","bmm/workflows/1-analysis/research/domain-steps/step-02-domain-analysis.md","f0281c46b50151af72d28bf71fbf70e451b89b01dd1e0607d5c4c8d45a9fe9a3"
"md","step-02-generate","bmm","bmm/workflows/generate-project-context/steps/step-02-generate.md","d50d349ae0c5ea8d468c6d2c4165f19b539bea4c82a75221a22d737a7a7548a8"
"md","step-02-prd-analysis","bmm","bmm/workflows/3-solutioning/check-implementation-readiness/steps/step-02-prd-analysis.md","799fd61fc501d4cc91bca30d06fdd4fd217fe76d2608ea4f6ec38a26248254b2"
"md","step-02-technical-overview","bmm","bmm/workflows/1-analysis/research/technical-steps/step-02-technical-overview.md","dfef6c9c0054dbf4a9faf43a7f577a0296a69ab1a1e2fe9aa64affdad3dee84b"
"md","step-02-vision","bmm","bmm/workflows/1-analysis/create-product-brief/steps/step-02-vision.md","6480ae69db1b774af807e1262eeb1d5d0bf70e811c2fea0c349250ebe885c324"
"md","step-03-competitive-landscape","bmm","bmm/workflows/1-analysis/research/domain-steps/step-03-competitive-landscape.md","bdb6b7ad4157c50fe5cb7b87aaa332a32f2581468afda783dec77efb1761805d"
"md","step-03-complete","bmm","bmm/workflows/generate-project-context/steps/step-03-complete.md","d64001850546d3776e6d2c6b652eed4060382eea6b57994fceaef791e3026d9e"
"md","step-03-core-experience","bmm","bmm/workflows/2-plan-workflows/create-ux-design/steps/step-03-core-experience.md","b47607799a8bcade3c9b48816180d060066b20fe8368bbdfb68bc2fb3d72a942"
"md","step-03-create-stories","bmm","bmm/workflows/3-solutioning/create-epics-and-stories/steps/step-03-create-stories.md","225f0adf188e9cdda100d722dccbb56f46a63e94e5e27ee6dd359379d72fecb0"
"md","step-03-customer-pain-points","bmm","bmm/workflows/1-analysis/research/market-steps/step-03-customer-pain-points.md","63f5e16bf31da6a377812744fcc03fc886e6e84f30685d383836c688466049ff"
"md","step-03-epic-coverage-validation","bmm","bmm/workflows/3-solutioning/check-implementation-readiness/steps/step-03-epic-coverage-validation.md","ab9c45ae88620b2a13c4411097d623d3bc47ee42fecda9aacbb7d768d3fd47f2"
"md","step-03-execute","bmm","bmm/workflows/bmad-quick-flow/quick-dev/steps/step-03-execute.md","dc340c8c7ac0819ae8442c3838e0ea922656ad7967ea110a8bf0ff80972d570a"
"md","step-03-integration-patterns","bmm","bmm/workflows/1-analysis/research/technical-steps/step-03-integration-patterns.md","516d5543ebe5f9004dc6ff7e09428704cbb85baf5aa33f2693d57515f43cc43e"
"md","step-03-starter","bmm","bmm/workflows/3-solutioning/create-architecture/steps/step-03-starter.md","18df37c97a6ae3a54c7c993f1380001fccaa07998224b6fdfb0c130432448b62"
"md","step-03-success","bmm","bmm/workflows/2-plan-workflows/prd/steps/step-03-success.md","5c90545570b8c48907a97e1befa620d6af3ca4a583c154b3bf9f9976e48a1ad3"
"md","step-03-users","bmm","bmm/workflows/1-analysis/create-product-brief/steps/step-03-users.md","3eb7e35e384b34d4bcb96d5036f006f6c11b1c70d77def171571b6b8ba5ff284"
"md","step-04-architectural-patterns","bmm","bmm/workflows/1-analysis/research/technical-steps/step-04-architectural-patterns.md","9e7d6107622625fa95ad2de6cbfdeb6b52864e78a4dcf3707d1f6202c53c4851"
"md","step-04-customer-decisions","bmm","bmm/workflows/1-analysis/research/market-steps/step-04-customer-decisions.md","79b952a9d41819dfd448a058525450e7894a8d6bf15dbbbcfd60d6698c24db94"
"md","step-04-decisions","bmm","bmm/workflows/3-solutioning/create-architecture/steps/step-04-decisions.md","1f813be96bf5f88429afae2e30d44bb072a99a36f4c6b9f828593225abdf2f3e"
"md","step-04-emotional-response","bmm","bmm/workflows/2-plan-workflows/create-ux-design/steps/step-04-emotional-response.md","0898da6f829e2e828ae6f15ee701525fdedbaecb5dd06c890bb6e5736636b089"
"md","step-04-final-validation","bmm","bmm/workflows/3-solutioning/create-epics-and-stories/steps/step-04-final-validation.md","94a6f4de0dbfa9b04e9cab32d48ce33f954ec89e2cae2f5de7dda532ea6c660b"
"md","step-04-journeys","bmm","bmm/workflows/2-plan-workflows/prd/steps/step-04-journeys.md","a09e781d19e9484c4e6388ab8a7175124e347f123461edbab64ee9899fcca41c"
"md","step-04-metrics","bmm","bmm/workflows/1-analysis/create-product-brief/steps/step-04-metrics.md","1388df4b38073eeeddcc2c53d9d5721c748ba14445837939deeb57b84edf06a1"
"md","step-04-regulatory-focus","bmm","bmm/workflows/1-analysis/research/domain-steps/step-04-regulatory-focus.md","6fd786eb13f598569dca4e1b75f9d21b9be97721219c89743c08d7f7779c9c26"
"md","step-04-self-check","bmm","bmm/workflows/bmad-quick-flow/quick-dev/steps/step-04-self-check.md","444c02d8f57cd528729c51d77abf51ca8918ac5c65f3dcf269b21784f5f6920c"
"md","step-04-ux-alignment","bmm","bmm/workflows/3-solutioning/check-implementation-readiness/steps/step-04-ux-alignment.md","f391908d30a9deb0d9461d4a0817d8c5cce74562494a1274b80211e55eb94028"
"md","step-05-adversarial-review","bmm","bmm/workflows/bmad-quick-flow/quick-dev/steps/step-05-adversarial-review.md","688d132f4c22973b4bde13e8a7f74691a0abea90df524f163cdd6e36800bda00"
"md","step-05-competitive-analysis","bmm","bmm/workflows/1-analysis/research/market-steps/step-05-competitive-analysis.md","5e6053df3323fdb561871881989d33e696fd43270cfed98c0064e409031f42b4"
"md","step-05-domain","bmm","bmm/workflows/2-plan-workflows/prd/steps/step-05-domain.md","6d64d9de806fa649f6f7a152455f908abc8a652a9b5af45219dbde66c89c2d43"
"md","step-05-epic-quality-review","bmm","bmm/workflows/3-solutioning/check-implementation-readiness/steps/step-05-epic-quality-review.md","7d4b1a887036bcb6d830c8285981dc11d4224d10198e0efc4af47881cb1e9482"
"md","step-05-implementation-research","bmm","bmm/workflows/1-analysis/research/technical-steps/step-05-implementation-research.md","f8067535a667f5e367e85844599ef92848872bdb57bff1dfcdad3aefb1c6512a"
"md","step-05-inspiration","bmm","bmm/workflows/2-plan-workflows/create-ux-design/steps/step-05-inspiration.md","a9887e3f7ed2d2ba48dfecd425d10f83855b86da4306e621df4c661fa5e108f4"
"md","step-05-patterns","bmm","bmm/workflows/3-solutioning/create-architecture/steps/step-05-patterns.md","f3150aecc0258cc183f850aa168e2eb47826f2909b0eb28f7caf68611c5144f1"
"md","step-05-scope","bmm","bmm/workflows/1-analysis/create-product-brief/steps/step-05-scope.md","1cbdcf2eecaaa934c410e00fe971538085cbb666a0ab42d6134980308aa73425"
"md","step-05-technical-trends","bmm","bmm/workflows/1-analysis/research/domain-steps/step-05-technical-trends.md","4923fbc706e69ff2fdff372284e103ad1db5c9ed7486a77a00f9c494a90966a6"
"md","step-06-complete","bmm","bmm/workflows/1-analysis/create-product-brief/steps/step-06-complete.md","06487341c692b2c568174231a6fdfae7553f7977978f7e074cb80849985d89bd"
"md","step-06-design-system","bmm","bmm/workflows/2-plan-workflows/create-ux-design/steps/step-06-design-system.md","2428d662f376365738647cb94231bf4852446c7270a76495e631055a8e5c5295"
"md","step-06-final-assessment","bmm","bmm/workflows/3-solutioning/check-implementation-readiness/steps/step-06-final-assessment.md","df87cbc28951d8e505bf4f3f90e546ce0aef20b2b258270d023eca6907d266b8"
"md","step-06-innovation","bmm","bmm/workflows/2-plan-workflows/prd/steps/step-06-innovation.md","daba0464207471df1c2ba6c5efc7e5ff9019862426526addf25709b6488c54c0"
"md","step-06-research-completion","bmm","bmm/workflows/1-analysis/research/market-steps/step-06-research-completion.md","72d52d60cb2eb00402b96f64f3d44f252326f6b7c713dfe73c6a055325919f18"
"md","step-06-research-synthesis","bmm","bmm/workflows/1-analysis/research/domain-steps/step-06-research-synthesis.md","b8c29bb261f3cfe2ec06d69c4c2fbce4fb945f628168143d33667a5295648b49"
"md","step-06-research-synthesis","bmm","bmm/workflows/1-analysis/research/technical-steps/step-06-research-synthesis.md","78d3cdb130563cf819baf397bdc8dd27159264be74d86d3ec83795aa78bffde3"
"md","step-06-resolve-findings","bmm","bmm/workflows/bmad-quick-flow/quick-dev/steps/step-06-resolve-findings.md","ad5d90b4f753fec9d2ba6065cbf4e5fa6ef07b013504a573a0edea5dcc16e180"
"md","step-06-structure","bmm","bmm/workflows/3-solutioning/create-architecture/steps/step-06-structure.md","03049f5629238236c0f87ca65d6d4d5a2f31816f196dbaef3183fa3bdcd28c61"
"md","step-07-defining-experience","bmm","bmm/workflows/2-plan-workflows/create-ux-design/steps/step-07-defining-experience.md","35d25c9241bbe0992c38b877032c1ffc3fbeeb541c3e5adb92d463a1861c1efb"
"md","step-07-project-type","bmm","bmm/workflows/2-plan-workflows/prd/steps/step-07-project-type.md","b86913c1d77e286efac98bcedaabe2c98fa435b665dcc94abbc9cacae7f76803"
"md","step-07-validation","bmm","bmm/workflows/3-solutioning/create-architecture/steps/step-07-validation.md","1b7210dfb5b678b35956b897dab55376200f76466c161186a8b585b93a3b799e"
"md","step-08-complete","bmm","bmm/workflows/3-solutioning/create-architecture/steps/step-08-complete.md","0303261e18af915600d43c7d70fa09d00419492c2b8a6c097a73542e7f2bce2b"
"md","step-08-scoping","bmm","bmm/workflows/2-plan-workflows/prd/steps/step-08-scoping.md","f861d1e9e2d8e732afd4fc95126a0706f703acd916e3140388862addd10e26c7"
"md","step-08-visual-foundation","bmm","bmm/workflows/2-plan-workflows/create-ux-design/steps/step-08-visual-foundation.md","7dbdee31774d4a37f757035637db12cb856cc194b89f4f8278abc88a18529ea7"
"md","step-09-design-directions","bmm","bmm/workflows/2-plan-workflows/create-ux-design/steps/step-09-design-directions.md","5d009ebff2706388657f7186deab88e338434ee994978a57076a7d225dc8f443"
"md","step-09-functional","bmm","bmm/workflows/2-plan-workflows/prd/steps/step-09-functional.md","f161aceb4883733dc19a92701ab4a8b69915fcd6711476d42cc20f2a7fbc84db"
"md","step-10-nonfunctional","bmm","bmm/workflows/2-plan-workflows/prd/steps/step-10-nonfunctional.md","16316b6bfbbfdc9a75cdba0d91483c124d3f13642580f005e0db826bb0582368"
"md","step-10-user-journeys","bmm","bmm/workflows/2-plan-workflows/create-ux-design/steps/step-10-user-journeys.md","3547fa1a783f70bac202a11d67ab31cce5d7c59cf081c1e7211b592ec3498bfb"
"md","step-11-complete","bmm","bmm/workflows/2-plan-workflows/prd/steps/step-11-complete.md","a1a88df77933126977504abae3d68e854d4fdec948d4689a67f797be7fde4abd"
"md","step-11-component-strategy","bmm","bmm/workflows/2-plan-workflows/create-ux-design/steps/step-11-component-strategy.md","17a46b15958e01fb6d8cbd05eb9a92dbe81bc1bb88694e6fdd43e1447eb0d7a0"
"md","step-12-ux-patterns","bmm","bmm/workflows/2-plan-workflows/create-ux-design/steps/step-12-ux-patterns.md","310e1abc6820a46e6eeff0823304117fa38ff442d9e487e0709ca89e7af3d279"
"md","step-13-responsive-accessibility","bmm","bmm/workflows/2-plan-workflows/create-ux-design/steps/step-13-responsive-accessibility.md","610238fd18c057e06466c4f33dda5689fd71df728d4010a21614ce4db6adb009"
"md","step-14-complete","bmm","bmm/workflows/2-plan-workflows/create-ux-design/steps/step-14-complete.md","a04a630d7a0d4403799869365e102f8ba63bae41f8c4e1644248e076a0f7c1b8"
"md","template","bmm","bmm/workflows/4-implementation/create-story/template.md","29ba697368d77e88e88d0e7ac78caf7a78785a7dcfc291082aa96a62948afb67"
"md","test-architecture","bmm","bmm/docs/test-architecture.md","9f63c9164c9c85ccbc7c53114d2c375db72654b4d3387387d5536547f9bd865b"
"md","test-design-template","bmm","bmm/workflows/testarch/test-design/test-design-template.md","be2c766858684f5afce7c140f65d6d6e36395433938a866dea09da252a723822"
"md","test-healing-patterns","bmm","bmm/testarch/knowledge/test-healing-patterns.md","b44f7db1ebb1c20ca4ef02d12cae95f692876aee02689605d4b15fe728d28fdf"
"md","test-levels-framework","bmm","bmm/testarch/knowledge/test-levels-framework.md","80bbac7959a47a2e7e7de82613296f906954d571d2d64ece13381c1a0b480237"
"md","test-priorities-matrix","bmm","bmm/testarch/knowledge/test-priorities-matrix.md","321c3b708cc19892884be0166afa2a7197028e5474acaf7bc65c17ac861964a5"
"md","test-quality","bmm","bmm/testarch/knowledge/test-quality.md","97b6db474df0ec7a98a15fd2ae49671bb8e0ddf22963f3c4c47917bb75c05b90"
"md","test-review-template","bmm","bmm/workflows/testarch/test-review/test-review-template.md","b476bd8ca67b730ffcc9f11aeb63f5a14996e19712af492ffe0d3a3d1a4645d2"
"md","timing-debugging","bmm","bmm/testarch/knowledge/timing-debugging.md","c4c87539bbd3fd961369bb1d7066135d18c6aad7ecd70256ab5ec3b26a8777d9"
"md","trace-template","bmm","bmm/workflows/testarch/trace/trace-template.md","148b715e7b257f86bc9d70b8e51b575e31d193420bdf135b32dd7bd3132762f3"
"md","troubleshooting","bmm","bmm/docs/troubleshooting.md","e301f7463cc34d95cf66aa8fcc356924a658ae7e9beb6f3366b8b7c35fbf7766"
"md","ux-design-template","bmm","bmm/workflows/2-plan-workflows/create-ux-design/ux-design-template.md","ffa4b89376cd9db6faab682710b7ce755990b1197a8b3e16b17748656d1fca6a"
"md","visual-debugging","bmm","bmm/testarch/knowledge/visual-debugging.md","072a3d30ba6d22d5e628fc26a08f6e03f8b696e49d5a4445f37749ce5cd4a8a9"
"md","workflow","bmm","bmm/workflows/1-analysis/create-product-brief/workflow.md","09f24c579989fe45ad36becafc63b5b68f14fe2f6d8dd186a9ddfb0c1f256b7b"
"md","workflow","bmm","bmm/workflows/1-analysis/research/workflow.md","196f2ab211b8e375cbfba2282f20fbe41b951bd9ece0dba18661131563fe2012"
"md","workflow","bmm","bmm/workflows/2-plan-workflows/create-ux-design/workflow.md","af6d85d72a04cdb96469da5591e2f2773a5d488161f85feda483a731022e219c"
"md","workflow","bmm","bmm/workflows/2-plan-workflows/prd/workflow.md","c6287bbf6c420bc764caf0fa7e8f4ec1c74e923aa5165634422b2aac528d440a"
"md","workflow","bmm","bmm/workflows/3-solutioning/check-implementation-readiness/workflow.md","ed36aa4b1248aa6a7bae0de284159071de891a2ac44d82a88c0f940d3e3bb2c5"
"md","workflow","bmm","bmm/workflows/3-solutioning/create-architecture/workflow.md","4adfa25849107a8b95beb975d0f0e7a8591dd25d401906297e3c0a70e5939eae"
"md","workflow","bmm","bmm/workflows/3-solutioning/create-epics-and-stories/workflow.md","2ca790a6fa598a8b094dc14716a903b2b30b5eb97193933052c359858fe2aa6d"
"md","workflow","bmm","bmm/workflows/bmad-quick-flow/quick-dev/workflow.md","fe583e130c2590ba32caa89c5460790fffedf6597fd60f852d999f698def24b4"
"md","workflow","bmm","bmm/workflows/generate-project-context/workflow.md","8ad4ad82e6d5b283fc3a5ccc0040528fc2acfd1bcc723111d44c6bee2b5a0a64"
"md","workflow-architecture-reference","bmm","bmm/docs/workflow-architecture-reference.md","36efd4e3d74d1739455e896e62b7711bf4179c572f1eef7a7fae7f2385adcc6d"
"md","workflow-document-project-reference","bmm","bmm/docs/workflow-document-project-reference.md","41494bc70df72c8a87c291a2683288a781f810e73d2489fd0cad6a8121a9d36c"
"md","workflows-analysis","bmm","bmm/docs/workflows-analysis.md","351e7375bd1ac13ae6a4125091f13b3c10dfdada984252fc773f4128f2db110d"
"md","workflows-implementation","bmm","bmm/docs/workflows-implementation.md","b2fd9cb2fd44d38718832b1349c3b116d590fc5fe6294bdb2c1987362c474139"
"md","workflows-planning","bmm","bmm/docs/workflows-planning.md","be3e0347cb26380b4f978c7311efc033b01bd416c8cfbac4e3dec940ca99b2b4"
"md","workflows-solutioning","bmm","bmm/docs/workflows-solutioning.md","09e38cfe555cd48039cdd33c168c860c4f43df5308fcf0def9061746ce3454a0"
"svg","workflow-method-greenfield","bmm","bmm/docs/images/workflow-method-greenfield.svg","f0ce562d058e6edb114a8ae8bc51fa6a71394c08c0ac16aae07d959c88c6dcca"
"xml","instructions","bmm","bmm/workflows/4-implementation/code-review/instructions.xml","80d43803dced84f1e754d8690fb6da79e5b21a68ca8735b9c0ff709c49ac31ff"
"xml","instructions","bmm","bmm/workflows/4-implementation/create-story/instructions.xml","713b38a3ee0def92380ca97196d3457f68b8da60b78d2e10fc366c35811691fb"
"xml","instructions","bmm","bmm/workflows/4-implementation/dev-story/instructions.xml","d01f9b168f5ef2b4aaf7e1c2fad8146dacfa0ea845b101da80db688e1817cefb"
"yaml","config","bmm","bmm/config.yaml","8b2419c936350cebd15c3f9f4c63047bee0a3cebc76f805eec68be6336006b51"
"yaml","deep-dive","bmm","bmm/workflows/document-project/workflows/deep-dive.yaml","a16b5d121604ca00fffdcb04416daf518ec2671a3251b7876c4b590d25d96945"
"yaml","enterprise-brownfield","bmm","bmm/workflows/workflow-status/paths/enterprise-brownfield.yaml","04a43e86f644949302cd5d4d801fb2ccdbb0f66b75609bc1fa712fd5c3bce675"
"yaml","enterprise-greenfield","bmm","bmm/workflows/workflow-status/paths/enterprise-greenfield.yaml","20bda9331b02335c24f1686aab29183801d5de6cd40cadb4fd7472ee643cc8ab"
"yaml","excalidraw-templates","bmm","bmm/workflows/excalidraw-diagrams/_shared/excalidraw-templates.yaml","ca6e4ae85b5ab16df184ce1ddfdf83b20f9540db112ebf195cb793017f014a70"
"yaml","full-scan","bmm","bmm/workflows/document-project/workflows/full-scan.yaml","8ba79b190733006499515d9d805f4eacd90a420ffc454e04976948c114806c25"
"yaml","github-actions-template","bmm","bmm/workflows/testarch/ci/github-actions-template.yaml","cf7d1f0a1f2853b07df1b82b00ebe79f800f8f16817500747b7c4c9c7143aba7"
"yaml","gitlab-ci-template","bmm","bmm/workflows/testarch/ci/gitlab-ci-template.yaml","986f29817e04996ab9f80bf2de0d25d8ed2365d955cc36d5801afaa93e99e80b"
"yaml","method-brownfield","bmm","bmm/workflows/workflow-status/paths/method-brownfield.yaml","35365c7af516ba2205d16e19a656695890e53678613bf835d490c338b7467b59"
"yaml","method-greenfield","bmm","bmm/workflows/workflow-status/paths/method-greenfield.yaml","9f84ab40aa4c7984fd4e948f3f55823066e94fcbf1d16d207aee2a731e5c38ba"
"yaml","project-levels","bmm","bmm/workflows/workflow-status/project-levels.yaml","ffa9fb3b32d81617bb8718689a5ff5774d2dff6c669373d979cc38b1dc306966"
"yaml","sprint-status-template","bmm","bmm/workflows/4-implementation/sprint-planning/sprint-status-template.yaml","de75fe50bd5e3f4410ccc99fcd3f5dc958733b3829af1b13b4d7b0559bbca22b"
"yaml","team-fullstack","bmm","bmm/teams/team-fullstack.yaml","da8346b10dfad8e1164a11abeb3b0a84a1d8b5f04e01e8490a44ffca477a1b96"
"yaml","workflow","bmm","bmm/workflows/4-implementation/code-review/workflow.yaml","637532da3bba8f36cb887a5f51cdd6009e00e55dcf90585879cd40c07489c786"
"yaml","workflow","bmm","bmm/workflows/4-implementation/correct-course/workflow.yaml","fd61662b22f5ff1d378633b47837eb9542e433d613fbada176a9d61de15c2961"
"yaml","workflow","bmm","bmm/workflows/4-implementation/create-story/workflow.yaml","5047ddbe9581ea6dc95352e1fa335a9bafba4dc386eaa70d03f8f6b831e21083"
"yaml","workflow","bmm","bmm/workflows/4-implementation/dev-story/workflow.yaml","270cb47b01e5a49d497c67f2c2605b808a943daf2b34ee60bc726ff78ac217b3"
"yaml","workflow","bmm","bmm/workflows/4-implementation/retrospective/workflow.yaml","633386dc86763d0f8153ecaf727a96c65775b2eaf9ce4d7bef8df8baf61b28e9"
"yaml","workflow","bmm","bmm/workflows/4-implementation/sprint-planning/workflow.yaml","3038e7488b67303814d95ebbb0f28a225876ec2e3224fdaa914485f5369a44bf"
"yaml","workflow","bmm","bmm/workflows/4-implementation/sprint-status/workflow.yaml","92c50c478b87cd5c339cdb38399415977f58785b4ae82f7948ba16404fa460cf"
"yaml","workflow","bmm","bmm/workflows/bmad-quick-flow/create-tech-spec/workflow.yaml","a8fb07d79cacc4d79c29e02094af60541298508b546efe720b1c1b4475eb1c29"
"yaml","workflow","bmm","bmm/workflows/document-project/workflow.yaml","82e731ea08217480958a75304558e767654d8a8262c0ec1ed91e81afd3135ed5"
"yaml","workflow","bmm","bmm/workflows/excalidraw-diagrams/create-dataflow/workflow.yaml","a845be912077a9c80fb3f3e2950c33b99139a2ae22db9c006499008ec2fa3851"
"yaml","workflow","bmm","bmm/workflows/excalidraw-diagrams/create-diagram/workflow.yaml","bac0e13f796b4a4bb2a3909ddef230f0cd1712a0163b6fe72a2966eed8fc87a9"
"yaml","workflow","bmm","bmm/workflows/excalidraw-diagrams/create-flowchart/workflow.yaml","a8f6e3680d2ec51c131e5cd57c9705e5572fe3e08c536174da7175e07cce0c5d"
"yaml","workflow","bmm","bmm/workflows/excalidraw-diagrams/create-wireframe/workflow.yaml","88ce19aff63a411583756cd0254af2000b6aac13071204dc9aef61aa137a51ef"
"yaml","workflow","bmm","bmm/workflows/testarch/atdd/workflow.yaml","671d3319e80fffb3dedf50ccda0f3aea87ed4de58e6af679678995ca9f5262b0"
"yaml","workflow","bmm","bmm/workflows/testarch/automate/workflow.yaml","3d49eaca0024652b49f00f26f1f1402c73874eb250431cb5c1ce1d2eddc6520b"
"yaml","workflow","bmm","bmm/workflows/testarch/ci/workflow.yaml","e42067278023d4489a159fdbf7a863c69345e3d3d91bf9af8dcff49fd14f0e6d"
"yaml","workflow","bmm","bmm/workflows/testarch/framework/workflow.yaml","857b92ccfa185c373ebecd76f3f57ca84a4d94c8c2290679d33010f58e1ed9e1"
"yaml","workflow","bmm","bmm/workflows/testarch/nfr-assess/workflow.yaml","24a0e0e6124c3206775e43bd7ed4e1bfba752e7d7a0590bbdd73c2e9ce5a06ec"
"yaml","workflow","bmm","bmm/workflows/testarch/test-design/workflow.yaml","30a9371f2ea930e7e68b987570be524b2e9d104c40c28e818a89e12985ba767a"
"yaml","workflow","bmm","bmm/workflows/testarch/test-review/workflow.yaml","d64517e211eceb8e5523da19473387e642c5178d5850f92b1aa5dc3fea6a6685"
"yaml","workflow","bmm","bmm/workflows/testarch/trace/workflow.yaml","0ba5d014b6209cc949391de9f495465b7d64d3496e1972be48b2961c8490e6f5"
"yaml","workflow","bmm","bmm/workflows/workflow-status/init/workflow.yaml","c3ac4692fa8c04de3ccbf8fab3805dcf4c01c792fb55abc57f66e73201b35786"
"yaml","workflow","bmm","bmm/workflows/workflow-status/workflow.yaml","390e733bee776aaf0312c5990cdfdb2d65c4f7f56001f428b8baddeb3fe8f0fe"
"yaml","workflow-status-template","bmm","bmm/workflows/workflow-status/workflow-status-template.yaml","0ec9c95f1690b7b7786ffb4ab10663c93b775647ad58e283805092e1e830a0d9"
"csv","advanced-elicitation-methods","core","core/tasks/advanced-elicitation-methods.csv","e08b2e22fec700274982e37be608d6c3d1d4d0c04fa0bae05aa9dba2454e6141"
"csv","brain-methods","core","core/workflows/brainstorming/brain-methods.csv","0ab5878b1dbc9e3fa98cb72abfc3920a586b9e2b42609211bb0516eefd542039"
"md","excalidraw-helpers","core","core/resources/excalidraw/excalidraw-helpers.md","37f18fa0bd15f85a33e7526a2cbfe1d5a9404f8bcb8febc79b782361ef790de4"
"md","library-loader","core","core/resources/excalidraw/library-loader.md","7837112bd0acb5906870dff423a21564879d49c5322b004465666a42c52477ab"
"md","README","core","core/resources/excalidraw/README.md","72de8325d7289128f1c8afb3b0eea867ba90f4c029ca42e66a133cd9f92c285d"
"md","step-01-agent-loading","core","core/workflows/party-mode/steps/step-01-agent-loading.md","ebdeac5e67a5c9bde93cd1750963c0f0b0f354c19ccf922f9d681e6ae425d729"
"md","step-01-session-setup","core","core/workflows/brainstorming/steps/step-01-session-setup.md","943118388f1cb81eda922240a944cff84517388298ead6b9e02f917432d8bf31"
"md","step-01b-continue","core","core/workflows/brainstorming/steps/step-01b-continue.md","9d531b012f85a2a7c3ddd94a2adeb8189eab24c370d099dbabb1bd6e33b3a9cb"
"md","step-02-discussion-orchestration","core","core/workflows/party-mode/steps/step-02-discussion-orchestration.md","1f0a6ca96139f522cc26ce6fdf78b4f94297201a53f06c30fb30e65717957cfb"
"md","step-02a-user-selected","core","core/workflows/brainstorming/steps/step-02a-user-selected.md","24158414bfe6daa46c94e6e43a9ec3a8d9a6dfe1b2a5bd8b719d06c775dcc73d"
"md","step-02b-ai-recommended","core","core/workflows/brainstorming/steps/step-02b-ai-recommended.md","005ad3d7066547b1b5fa1b88c694caeedab009c9eaebecbdce8b902023b06579"
"md","step-02c-random-selection","core","core/workflows/brainstorming/steps/step-02c-random-selection.md","24b54de6ed3a3b0b87a23a28a69a5fa73e8bf9fb80353fb12db8258c1e29ac95"
"md","step-02d-progressive-flow","core","core/workflows/brainstorming/steps/step-02d-progressive-flow.md","34b53545f18cd26db8bff81072e1c6b38efe031969e72d79c7efa2814f3b9073"
"md","step-03-graceful-exit","core","core/workflows/party-mode/steps/step-03-graceful-exit.md","c07d1b5c3b4d48e8903872f24654e96f8cadd1d08202be3f5c2e381aa664e9bb"
"md","step-03-technique-execution","core","core/workflows/brainstorming/steps/step-03-technique-execution.md","a0f7ef0d58ccf21c1e10b9ab221f8dbcc8ddc0c09b322da3863996e8731b6409"
"md","step-04-idea-organization","core","core/workflows/brainstorming/steps/step-04-idea-organization.md","2a7f516d0e598ec3462795b1e5fe2bf2f3745276ca6ae609eed5562bacf46b0d"
"md","template","core","core/workflows/brainstorming/template.md","5c99d76963eb5fc21db96c5a68f39711dca7c6ed30e4f7d22aedee9e8bb964f9"
"md","validate-json-instructions","core","core/resources/excalidraw/validate-json-instructions.md","0970bac93d52b4ee591a11998a02d5682e914649a40725d623489c77f7a1e449"
"md","workflow","core","core/workflows/brainstorming/workflow.md","81f29e8e5d2dc6cd0ad2d9821b1908ad026cfb389246fb3621234eed369dc4fa"
"md","workflow","core","core/workflows/party-mode/workflow.md","5f0f9cd9533115cde2c645e2b46c150080b8262fce9b91078af3f424bbf26bf3"
"xml","advanced-elicitation","core","core/tasks/advanced-elicitation.xml","c6dbc901671bcdf0c1d28e5cd388c958577bf255c7a3922302602fd3b981b2ee"
"xml","index-docs","core","core/tasks/index-docs.xml","13ffd40ccaed0f05b35e4f22255f023e77a6926e8a2f01d071b0b91a4c942812"
"xml","review-adversarial-general","core","core/tasks/review-adversarial-general.xml","05466fd1a0b207dd9987ba1e8674b40060025b105ba51f5b49fe852c44e51f12"
"xml","shard-doc","core","core/tools/shard-doc.xml","f71987855cabb46bd58a63a4fd356efb0739a272ab040dd3c8156d7f538d7caf"
"xml","validate-workflow","core","core/tasks/validate-workflow.xml","539e6f1255efbb62538598493e4083496dc0081d3c8989c89b47d06427d98f28"
"xml","workflow","core","core/tasks/workflow.xml","38a94a0926acfdcd0fe80694d8ca551a2ce3237b203bffd562064f1b8d89a68b"
"yaml","config","core","core/config.yaml","a29acb560c768015486be872458bca8b6096202c5d88a9cca8bd75e059cb5609"
